INSERT INTO Product_name (name) values 
('햇반'),
('오뚜기밥'),
('누룽지'),
('즉석밥'),
('국밥'),
('비빔밥'),
('즉석카레'),
('즉석짜장'),
('덮밥'),
('덮밥소스'),
('죽'),
('스프'),
('즉석국'),
('밥양념'),
('선식'),
('빵 믹스'),
('떡 믹스'),
('홍삼'),
('건강즙'),
('수삼'),
('건강차'),
('꿀'),
('다이어트식품'),
('피부건강식품'),
('헬스보충식품'),
('비타민'),
('유산균'),
('클로렐라'),
('스피루리나'),
('알로에'),
('초유'),
('칼슘'),
('철분'),
('엽산'),
('글루코사민'),
('루테인'),
('오메가3'),
('감마리놀렌산'),
('코엔자임'),
('프로폴리스'),
('멸치'),
('건새우'),
('건어류'),
('다시팩'),
('천연조미료'),
('조미김'),
('생김'),
('김밥용김'),
('김자반'),
('어린이김'),
('김스낵'),
('미역'),
('다시마'),
('건해조류'),
('황태채'),
('황태포'),
('건오징어'),
('진미채'),
('조미오징어'),
('쥐포'),
('육포'),
('꾸이/어포스낵'),
('건대추'),
('건포도'),
('건과일'),
('밤'),
('땅콩'),
('호두'),
('아몬드'),
('캐슈넛'),
('피스타치오'),
('계란'),
('영양란'),
('특수란'),
('메추리알'),
('구운계란'),
('훈제란'),
('쌀'),
('추청'),
('고시히까리'),
('히토메보레'),
('찹쌀'),
('현미'),
('흑미'),
('콩'),
('팥'),
('서리태'),
('보리'),
('수수'),
('조류'),
('기장'),
('깨'),
('율무'),
('녹두'),
('사과'),
('배'),
('감귤'),
('한라봉'),
('천혜향'),
('레드향'),
('감'),
('곶감'),
('감말랭이'),
('홍시'),
('골드키위'),
('그린키위'),
('참다래'),
('토마토'),
('자두'),
('복숭아'),
('포도'),
('수박'),
('메론'),
('참외'),
('딸기'),
('블루베리'),
('매실'),
('바나나'),
('오렌지'),
('파인애플'),
('자몽'),
('레몬'),
('석류'),
('망고'),
('체리'),
('쌀 스낵'),
('옥수수 스낵'),
('감자 스낵'),
('고구마 스낵'),
('비스킷'),
('샌드'),
('스틱'),
('빼빼로 과자'),
('크래커'),
('웨하스'),
('초코파이'),
('카스타드'),
('과자 파이류'),
('과자 케익류'),
('초콜릿'),
('초코바'),
('스니커즈'),
('하드 캔디'),
('소프트 캔디'),
('젤리'),
('양갱'),
('껌'),
('풍선껌'),
('자일리톨 껌'),
('소시지 과자'),
('원물간식'),
('한과'),
('전통과자'),
('화과자'),
('한과세트'),
('시리얼'),
('쨈'),
('스프레드'),
('아이스크림'),
('만두'),
('군만두'),
('물만두'),
('너겟'),
('생선가스'),
('동그랑땡'),
('튀김'),
('피자'),
('핫도그'),
('냉동밥'),
('푸딩'),
('만두피'),
('냉면'),
('쫄면'),
('메밀면'),
('우동'),
('칼국수'),
('생라면'),
('스파게티'),
('파스타'),
('짜장면'),
('짬뽕'),
('떡볶이'),
('떡'),
('국'),
('탕'),
('찌개'),
('밥'),
('분식'),
('순대'),
('족발'),
('김치'),
('반찬'),
('젓갈'),
('찌개양념'),
('장류'),
('두부'),
('묵'),
('샐러드'),
('소양념육'),
('돼지양념육'),
('오리 양념육'),
('햄'),
('김밥재료'),
('소시지'),
('베이컨'),
('어묵'),
('단무지'),
('무쌈'),
('무절임'),
('유부'),
('맛살'),
('봉지라면'),
('컵라면'),
('숙면'),
('국수'),
('콩국수'),
('당면'),
('메밀'),
('쌀국수'),
('월남쌈'),
('분유'),
('식빵'),
('호빵'),
('찐빵'),
('케익'),
('카스테라'),
('쿠키'),
('베이글'),
('머핀'),
('와플'),
('파이'),
('냉동생지'),
('베이킹재료'),
('또띠아'),
('고등어'),
('자반고등어'),
('갈치'),
('꽁치'),
('조기'),
('굴비'),
('가자미'),
('돔'),
('장어'),
('연어'),
('삼치'),
('대구'),
('명태'),
('동태'),
('간편가공생선'),
('오징어'),
('한치'),
('낙지'),
('주꾸미'),
('문어'),
('광어'),
('홍어'),
('참치'),
('훈제연어'),
('어란'),
('초밥용네타'),
('새우'),
('꽃게'),
('대게'),
('랍스터'),
('해물모듬'),
('냉동가공새우살'),
('전복'),
('굴'),
('소라'),
('고둥'),
('홍합'),
('바지락'),
('꼬막'),
('조개류'),
('조개관자'),
('유아식'),
('우유'),
('저지방 우유'),
('영양강화 우유'),
('기능성 우유'),
('어린이우유'),
('딸기 우유'),
('초코 우유'),
('커피 우유'),
('바나나 우유'),
('멸균 우유'),
('떠먹는 요구르트'),
('마시는 요구르트'),
('치즈'),
('어린이 치즈'),
('피자 치즈'),
('버터'),
('마가린'),
('생크림'),
('생수'),
('탄산수'),
('탄산음료'),
('해양심층수'),
('오렌지주스'),
('레몬주스'),
('감귤주스'),
('한라봉주스'),
('사과주스'),
('배주스'),
('포도주스'),
('베리주스'),
('석류주스'),
('망고주스'),
('자몽주스'),
('파인애플주스'),
('코코넛주스'),
('토마토주스'),
('당근주스'),
('매실주스'),
('알로에주스'),
('콜라'),
('사이다'),
('환타'),
('웰치스'),
('에이드'),
('이온음료'),
('스포츠음료'),
('커피'),
('차'),
('식혜'),
('수정과'),
('전통음료'),
('비타민음료'),
('숙취해소'),
('건강음료'),
('무알콜음료'),
('어린이음료'),
('두유'),
('커피믹스'),
('원두커피'),
('캡슐커피'),
('녹차'),
('보리차'),
('둥글레차'),
('옥수수차'),
('홍차'),
('허브차'),
('율무차'),
('유자차'),
('한차'),
('아이스티'),
('코코아'),
('핫초코'),
('라떼'),
('간장'),
('고추장'),
('초고추장'),
('볶음고추장'),
('된장'),
('쌈장'),
('양지'),
('사태'),
('소 국거리'),
('소 갈비'),
('소 찜'),
('소 등심'),
('안심'),
('소 구이'),
('사골'),
('꼬리'),
('우족'),
('소 불고기'),
('산적'),
('소 잡채'),
('샤브샤브'),
('소 장조림'),
('소 다짐육'),
('삼겹살'),
('목심'),
('돼지 구이'),
('수육'),
('돼지 불고기'),
('찌개용'),
('돼지 다짐육'),
('돼지 갈비'),
('돼지 찜'),
('바비큐'),
('돼지 장조림'),
('돈까스'),
('카레용'),
('돼지 잡채'),
('탕수육'),
('백숙용 닭고기'),
('볶음탕용 닭고기'),
('닭가슴살'),
('닭다리'),
('날개'),
('윙봉'),
('오리'),
('닭훈제'),
('오리훈제'),
('양고기'),
('소고기'),
('돼지고기'),
('닭고기'),
('오리고기'),
('가공육'),
('수제소시지'),
('떡갈비'),
('닭 양념육'),
('카레'),
('짜장'),
('밀가루'),
('부침가루'),
('튀김가루'),
('빵가루'),
('설탕'),
('소금'),
('고추가루'),
('참깨'),
('들깨'),
('분말 조미료'),
('액상 조미료'),
('후추'),
('향신료'),
('와사비'),
('소스류'),
('유지류'),
('대두유'),
('옥수수유'),
('올리브유'),
('포도씨유'),
('카놀라유'),
('코코넛오일'),
('현미유'),
('쌀눈유'),
('해바라기유'),
('참기름'),
('들기름'),
('파스타소스'),
('드레싱'),
('케찹'),
('마요네즈'),
('식초'),
('음용식초'),
('미림'),
('물엿'),
('액젓'),
('불고기 양념'),
('갈비 양념'),
('닭 양념'),
('약주'),
('과실주'),
('탁주'),
('리큐르'),
('전통소주'),
('고구마'),
('호박고구마'),
('감자'),
('당근'),
('마'),
('야콘'),
('우엉'),
('연근'),
('오이'),
('가지'),
('애호박'),
('호박'),
('옥수수'),
('파프리카'),
('피망'),
('고추'),
('건고추'),
('배추'),
('무'),
('양파'),
('마늘'),
('생강'),
('대파'),
('쪽파'),
('시금치'),
('부추'),
('미나리'),
('쑥갓'),
('상추'),
('깻잎'),
('쌈채소'),
('양배추'),
('양상추'),
('브로콜리'),
('새싹'),
('무순'),
('어린잎'),
('새송이'),
('표고버섯'),
('느타리'),
('양송이'),
('인삼'),
('더덕'),
('순두부'),
('연두부'),
('콩나물'),
('숙주나물'),
('시럽'),
('빙수떡'),
('콩고물'),
('참치 통조림'),
('연어 통조림'),
('스팸'),
('햄 통조림'),
('고등어 통조림'),
('꽁치 통조림'),
('골뱅이 통조림'),
('깻잎 통조림'),
('잼'),
('과일 통조림'),
('피클 통조림'),
('옥수수 통조림'),
('콩 통조림'),
('간편식'),
('건강식품'),
('건어물'),
('견과'),
('곡물'),
('과일'),
('과자'),
('냉동식품'),
('냉장식품'),
('라면'),
('빵'),
('수산물'),
('유제품'),
('음료'),
('정육'),
('조미료'),
('주류'),
('채소'),
('통조림');

INSERT INTO category (id, name) values 
(1,'간편식'),
(2,'건강식품'),
(3,'건어물'),
(4,'견과'),
(5,'계란'),
(6,'곡물'),
(7,'과일'),
(8,'과자'),
(9,'냉동식품'),
(10,'냉장식품'),
(11,'라면'),
(12,'분유'),
(13,'빵'),
(14,'수산물'),
(15,'유아식'),
(16,'유제품'),
(17,'음료'),
(18,'장류'),
(19,'정육'),
(20,'조미료'),
(21,'주류'),
(22,'채소'),
(23,'통조림');

INSERT INTO category_keywords (category_id, keyword) values 
(1,'햇반'),
(1,'오뚜기밥'),
(1,'누룽지'),
(1,'즉석밥'),
(1,'국밥'),
(1,'비빔밥'),
(1,'즉석카레'),
(1,'즉석짜장'),
(1,'덮밥'),
(1,'덮밥소스'),
(1,'죽'),
(1,'스프'),
(1,'즉석국'),
(1,'밥양념'),
(1,'선식'),
(1,'빵 믹스'),
(1,'떡 믹스'),
(2,'홍삼'),
(2,'건강즙'),
(2,'수삼'),
(2,'건강차'),
(2,'꿀'),
(2,'다이어트식품'),
(2,'피부건강식품'),
(2,'헬스보충식품'),
(2,'비타민'),
(2,'유산균'),
(2,'클로렐라'),
(2,'스피루리나'),
(2,'알로에'),
(2,'초유'),
(2,'칼슘'),
(2,'철분'),
(2,'엽산'),
(2,'글루코사민'),
(2,'루테인'),
(2,'오메가3'),
(2,'감마리놀렌산'),
(2,'코엔자임'),
(2,'프로폴리스'),
(3,'멸치'),
(3,'건새우'),
(3,'건어류'),
(3,'다시팩'),
(3,'천연조미료'),
(3,'조미김'),
(3,'생김'),
(3,'김밥용김'),
(3,'김자반'),
(3,'어린이김'),
(3,'김스낵'),
(3,'미역'),
(3,'다시마'),
(3,'건해조류'),
(3,'황태채'),
(3,'황태포'),
(3,'건오징어'),
(3,'진미채'),
(3,'조미오징어'),
(3,'쥐포'),
(3,'육포'),
(3,'꾸이/어포스낵'),
(4,'건대추'),
(4,'건포도'),
(4,'건과일'),
(4,'밤'),
(4,'땅콩'),
(4,'호두'),
(4,'아몬드'),
(4,'캐슈넛'),
(4,'피스타치오'),
(5,'계란'),
(5,'영양란'),
(5,'특수란'),
(5,'메추리알'),
(5,'구운계란'),
(5,'훈제란'),
(6,'쌀'),
(6,'추청'),
(6,'고시히까리'),
(6,'히토메보레'),
(6,'찹쌀'),
(6,'현미'),
(6,'흑미'),
(6,'콩'),
(6,'팥'),
(6,'서리태'),
(6,'보리'),
(6,'수수'),
(6,'조류'),
(6,'기장'),
(6,'깨'),
(6,'율무'),
(6,'녹두'),
(7,'사과'),
(7,'배'),
(7,'감귤'),
(7,'한라봉'),
(7,'천혜향'),
(7,'레드향'),
(7,'감'),
(7,'곶감'),
(7,'감말랭이'),
(7,'홍시'),
(7,'골드키위'),
(7,'그린키위'),
(7,'참다래'),
(7,'토마토'),
(7,'자두'),
(7,'복숭아'),
(7,'포도'),
(7,'수박'),
(7,'메론'),
(7,'참외'),
(7,'딸기'),
(7,'블루베리'),
(7,'매실'),
(7,'바나나'),
(7,'오렌지'),
(7,'파인애플'),
(7,'자몽'),
(7,'레몬'),
(7,'석류'),
(7,'망고'),
(7,'체리'),
(8,'쌀 스낵'),
(8,'옥수수 스낵'),
(8,'감자 스낵'),
(8,'고구마 스낵'),
(8,'비스킷'),
(8,'샌드'),
(8,'스틱'),
(8,'빼빼로 과자'),
(8,'크래커'),
(8,'웨하스'),
(8,'초코파이'),
(8,'카스타드'),
(8,'과자 파이류'),
(8,'과자 케익류'),
(8,'초콜릿'),
(8,'초코바'),
(8,'스니커즈'),
(8,'하드 캔디'),
(8,'소프트 캔디'),
(8,'젤리'),
(8,'양갱'),
(8,'껌'),
(8,'풍선껌'),
(8,'자일리톨 껌'),
(8,'소시지 과자'),
(8,'원물간식'),
(8,'한과'),
(8,'전통과자'),
(8,'화과자'),
(8,'한과세트'),
(8,'시리얼'),
(8,'쨈'),
(8,'스프레드'),
(9,'아이스크림'),
(9,'만두'),
(9,'군만두'),
(9,'물만두'),
(9,'너겟'),
(9,'생선가스'),
(9,'동그랑땡'),
(9,'튀김'),
(9,'피자'),
(9,'핫도그'),
(9,'냉동밥'),
(10,'푸딩'),
(10,'만두피'),
(10,'냉면'),
(10,'쫄면'),
(10,'메밀면'),
(10,'우동'),
(10,'칼국수'),
(10,'생라면'),
(10,'스파게티'),
(10,'파스타'),
(10,'짜장면'),
(10,'짬뽕'),
(10,'떡볶이'),
(10,'떡'),
(10,'국'),
(10,'탕'),
(10,'찌개'),
(10,'밥'),
(10,'분식'),
(10,'순대'),
(10,'족발'),
(10,'김치'),
(10,'반찬'),
(10,'젓갈'),
(10,'찌개양념'),
(10,'장류'),
(10,'두부'),
(10,'묵'),
(10,'샐러드'),
(10,'소양념육'),
(10,'돼지양념육'),
(10,'오리 양념육'),
(10,'햄'),
(10,'김밥재료'),
(10,'소시지'),
(10,'베이컨'),
(10,'어묵'),
(10,'단무지'),
(10,'무쌈'),
(10,'무절임'),
(10,'유부'),
(10,'맛살'),
(11,'봉지라면'),
(11,'컵라면'),
(11,'우동'),
(11,'숙면'),
(11,'국수'),
(11,'콩국수'),
(11,'당면'),
(11,'메밀'),
(11,'쌀국수'),
(11,'월남쌈'),
(12,'분유'),
(13,'식빵'),
(13,'호빵'),
(13,'찐빵'),
(13,'케익'),
(13,'카스테라'),
(13,'쿠키'),
(13,'베이글'),
(13,'머핀'),
(13,'와플'),
(13,'파이'),
(13,'냉동생지'),
(13,'베이킹재료'),
(13,'또띠아'),
(14,'고등어'),
(14,'자반고등어'),
(14,'갈치'),
(14,'꽁치'),
(14,'조기'),
(14,'굴비'),
(14,'가자미'),
(14,'돔'),
(14,'장어'),
(14,'연어'),
(14,'삼치'),
(14,'대구'),
(14,'명태'),
(14,'동태'),
(14,'간편가공생선'),
(14,'오징어'),
(14,'한치'),
(14,'낙지'),
(14,'주꾸미'),
(14,'문어'),
(14,'광어'),
(14,'홍어'),
(14,'참치'),
(14,'훈제연어'),
(14,'어란'),
(14,'초밥용네타'),
(14,'새우'),
(14,'꽃게'),
(14,'대게'),
(14,'랍스터'),
(14,'해물모듬'),
(14,'냉동가공새우살'),
(14,'전복'),
(14,'굴'),
(14,'소라'),
(14,'고둥'),
(14,'홍합'),
(14,'바지락'),
(14,'꼬막'),
(14,'조개류'),
(14,'조개관자'),
(15,'유아식'),
(16,'우유'),
(16,'저지방 우유'),
(16,'영양강화 우유'),
(16,'기능성 우유'),
(16,'어린이우유'),
(16,'딸기 우유'),
(16,'초코 우유'),
(16,'커피 우유'),
(16,'바나나 우유'),
(16,'멸균 우유'),
(16,'떠먹는 요구르트'),
(16,'마시는 요구르트'),
(16,'치즈'),
(16,'어린이 치즈'),
(16,'피자 치즈'),
(16,'버터'),
(16,'마가린'),
(16,'생크림'),
(17,'생수'),
(17,'탄산수'),
(17,'탄산음료'),
(17,'해양심층수'),
(17,'오렌지주스'),
(17,'레몬주스'),
(17,'감귤주스'),
(17,'한라봉주스'),
(17,'사과주스'),
(17,'배주스'),
(17,'포도주스'),
(17,'베리주스'),
(17,'석류주스'),
(17,'망고주스'),
(17,'자몽주스'),
(17,'파인애플주스'),
(17,'코코넛주스'),
(17,'토마토주스'),
(17,'당근주스'),
(17,'매실주스'),
(17,'알로에주스'),
(17,'콜라'),
(17,'사이다'),
(17,'환타'),
(17,'웰치스'),
(17,'에이드'),
(17,'이온음료'),
(17,'스포츠음료'),
(17,'커피'),
(17,'차'),
(17,'식혜'),
(17,'수정과'),
(17,'전통음료'),
(17,'비타민음료'),
(17,'숙취해소'),
(17,'건강음료'),
(17,'무알콜음료'),
(17,'어린이음료'),
(17,'두유'),
(17,'커피믹스'),
(17,'원두커피'),
(17,'캡슐커피'),
(17,'녹차'),
(17,'보리차'),
(17,'둥글레차'),
(17,'옥수수차'),
(17,'홍차'),
(17,'허브차'),
(17,'율무차'),
(17,'유자차'),
(17,'한차'),
(17,'아이스티'),
(17,'코코아'),
(17,'핫초코'),
(17,'라떼'),
(18,'간장'),
(18,'고추장'),
(18,'초고추장'),
(18,'볶음고추장'),
(18,'된장'),
(18,'쌈장'),
(19,'양지'),
(19,'사태'),
(19,'소 국거리'),
(19,'소 갈비'),
(19,'소 찜'),
(19,'소 등심'),
(19,'안심'),
(19,'소 구이'),
(19,'사골'),
(19,'꼬리'),
(19,'우족'),
(19,'소 불고기'),
(19,'산적'),
(19,'소 잡채'),
(19,'샤브샤브'),
(19,'소 장조림'),
(19,'소 다짐육'),
(19,'삼겹살'),
(19,'목심'),
(19,'돼지 구이'),
(19,'수육'),
(19,'돼지 불고기'),
(19,'찌개용'),
(19,'돼지 다짐육'),
(19,'돼지 갈비'),
(19,'돼지 찜'),
(19,'바비큐'),
(19,'돼지 장조림'),
(19,'돈까스'),
(19,'카레용'),
(19,'돼지 잡채'),
(19,'탕수육'),
(19,'백숙용 닭고기'),
(19,'볶음탕용 닭고기'),
(19,'닭가슴살'),
(19,'안심'),
(19,'닭다리'),
(19,'날개'),
(19,'윙봉'),
(19,'오리'),
(19,'닭훈제'),
(19,'오리훈제'),
(19,'양고기'),
(19,'소고기'),
(19,'돼지고기'),
(19,'닭고기'),
(19,'오리고기'),
(19,'가공육'),
(19,'수제소시지'),
(19,'떡갈비'),
(19,'닭 양념육'),
(20,'카레'),
(20,'짜장'),
(20,'밀가루'),
(20,'부침가루'),
(20,'튀김가루'),
(20,'빵가루'),
(20,'설탕'),
(20,'소금'),
(20,'고추가루'),
(20,'참깨'),
(20,'들깨'),
(20,'분말 조미료'),
(20,'액상 조미료'),
(20,'후추'),
(20,'향신료'),
(20,'와사비'),
(20,'소스류'),
(20,'유지류'),
(20,'대두유'),
(20,'옥수수유'),
(20,'올리브유'),
(20,'포도씨유'),
(20,'카놀라유'),
(20,'코코넛오일'),
(20,'현미유'),
(20,'쌀눈유'),
(20,'해바라기유'),
(20,'참기름'),
(20,'들기름'),
(20,'파스타소스'),
(20,'드레싱'),
(20,'케찹'),
(20,'마요네즈'),
(20,'식초'),
(20,'음용식초'),
(20,'미림'),
(20,'물엿'),
(20,'액젓'),
(20,'불고기 양념'),
(20,'갈비 양념'),
(20,'닭 양념'),
(21,'약주'),
(21,'과실주'),
(21,'탁주'),
(21,'리큐르'),
(21,'전통소주'),
(22,'고구마'),
(22,'호박고구마'),
(22,'감자'),
(22,'당근'),
(22,'마'),
(22,'야콘'),
(22,'우엉'),
(22,'연근'),
(22,'오이'),
(22,'가지'),
(22,'애호박'),
(22,'호박'),
(22,'옥수수'),
(22,'파프리카'),
(22,'피망'),
(22,'고추'),
(22,'건고추'),
(22,'배추'),
(22,'무'),
(22,'양파'),
(22,'마늘'),
(22,'생강'),
(22,'대파'),
(22,'쪽파'),
(22,'시금치'),
(22,'부추'),
(22,'미나리'),
(22,'쑥갓'),
(22,'상추'),
(22,'깻잎'),
(22,'쌈채소'),
(22,'양배추'),
(22,'양상추'),
(22,'브로콜리'),
(22,'샐러드'),
(22,'새싹'),
(22,'무순'),
(22,'어린잎'),
(22,'새송이'),
(22,'표고버섯'),
(22,'느타리'),
(22,'양송이'),
(22,'인삼'),
(22,'더덕'),
(22,'순두부'),
(22,'연두부'),
(22,'묵'),
(22,'콩나물'),
(22,'숙주나물'),
(23,'팥'),
(23,'시럽'),
(23,'빙수떡'),
(23,'콩고물'),
(23,'참치 통조림'),
(23,'연어 통조림'),
(23,'스팸'),
(23,'햄 통조림'),
(23,'고등어 통조림'),
(23,'꽁치 통조림'),
(23,'골뱅이 통조림'),
(23,'깻잎 통조림'),
(23,'잼'),
(23,'과일 통조림'),
(23,'피클 통조림'),
(23,'옥수수 통조림'),
(23,'콩 통조림');